index,data,bias mitigation,ML method,sensitive attrs,other,accuracy,precision,recall,f1score,mean_pred,sex|[ERD] Error Rate Difference,sex|[AOD] Average Odds Difference,sex|[EOD] Equal Opportunity Difference,sex|[A_AOD] Absolute Average Odds Difference,sex|[A_EOD] Absolute Equal Opportunity Difference,sex|[A_SPD] Absolute Statistical Parity Difference,sex|[SPD] Statistical Parity Difference,sex|[DI_FM] Disparate Impact the way it was implemented in FairMask,[SF] Statistical Parity Subgroup Fairness,id,acc * sf
11548,Adult Dataset,LFR,ElasticNet,['sex'],{'c': 'LFR'},1.0310841548610654,0.9238809948929465,1.7258883227681723,1.4365857641243227,1.8680851100395475,0.8540637998068452,0.4742994618546039,0.35371762578164706,0.4742994618546039,0.35371762578164706,1.2770559028178912,1.2770559028178912,0.3331450172853171,1.2770558600927553,1.03252e+18,-3.2666292249977658
11549,Adult Dataset,Reweighing Bias Mitigation,ElasticNet,['sex'],{},1.0,1.0545869201490707,0.9289340087289546,0.9553402571746297,0.8808510671324944,1.020604471225903,0.8420594465565583,0.8596491214182825,0.8420594465565583,0.8596491214182825,0.8784337690622694,0.8784337690622694,0.9882379873181922,0.8784337707502585,1.03252e+18,-2.153927803950672
11550,Adult Dataset,FairBalance Bias Mitigation,ElasticNet,['sex'],{},0.9651250946966886,0.6283397007120161,3.350253802555953,1.6710030094301738,5.331914925995347,0.9843236454735322,2.1314863145899583,1.0269005835223144,2.1314863145899583,1.0269005835223144,3.7275404365180007,3.7275404365180007,0.3494569134067945,3.7275403316340996,1.03252e+18,-9.305097120618964
11551,Adult Dataset,FairMask Bias Mitigation,ElasticNet,['sex'],{},1.0,1.0,1.0,1.0,1.0,1.0,1.0,1.0,1.0,1.0,1.0,1.0,1.0,1.0,1.03252e+18,-2.4699999999999998
11552,Adult Dataset,No Bias Mitigation,ElasticNet,['sex'],{},1.0,1.0,1.0,1.0,1.0,1.0,1.0,1.0,1.0,1.0,1.0,1.0,1.0,1.0,1.03252e+18,-2.4699999999999998
